{
  "models": [
    {
      "id": "f9005b6b-c3cb-469e-8467-211bcda72349",
      "name": "KNNClassifier",
      "description": "write a basic knn model...",
      "metrics": {
        "Iris": 0.9333333333333333,
        "Wine": 0.9722222222222222,
        "Breast Cancer": 0.956140350877193,
        "Digits": 0.9638888888888889,
        "Balance Scale": 0.55,
        "Blood Transfusion": 0.7866666666666666,
        "Haberman": 0.6451612903225806,
        "Seeds": 0.9047619047619048,
        "Teaching Assistant": 0.4838709677419355,
        "Zoo": 0.9047619047619048,
        "Planning Relax": 0.4864864864864865,
        "Ionosphere": 0.8873239436619719,
        "Sonar": 0.7380952380952381,
        "Glass": 0.6744186046511628,
        "Vehicle": 0.7352941176470589,
        "Liver Disorders": 0.6800391389432485,
        "Heart Statlog": 0.7962962962962963,
        "Pima Indians Diabetes": 0.7012987012987013,
        "Australian": 0.8625954198473282,
        "Monks-1": 0.8035714285714286
      },
      "timestamp": 1766996886.372067,
      "total_score": 0.3,
      "summary": "Error generating description ([Errno 2] No such file or directory: '/Users/annikaks/omega-production/src/algorithm_generator/metaomni/api_calls/KNNClassifier.py')"
    },
    {
      "id": "b289e535-3d54-4cd7-baf9-41babcc14404",
      "name": "KNNClassifier",
      "description": "write a basic knn classifier\n...",
      "metrics": {
        "Iris": 0.9333333333333333,
        "Wine": 0.9722222222222222,
        "Breast Cancer": 0.956140350877193,
        "Digits": 0.9638888888888889,
        "Balance Scale": 0.55,
        "Blood Transfusion": 0.7866666666666666,
        "Haberman": 0.6451612903225806,
        "Seeds": 0.9047619047619048,
        "Teaching Assistant": 0.4838709677419355,
        "Zoo": 0.9047619047619048,
        "Planning Relax": 0.4864864864864865,
        "Ionosphere": 0.8873239436619719,
        "Sonar": 0.7380952380952381,
        "Glass": 0.6744186046511628,
        "Vehicle": 0.7352941176470589,
        "Liver Disorders": 0.6800391389432485,
        "Heart Statlog": 0.7962962962962963,
        "Pima Indians Diabetes": 0.7012987012987013,
        "Australian": 0.8625954198473282,
        "Monks-1": 0.8035714285714286
      },
      "timestamp": 1766997738.67744,
      "total_score": 0.3,
      "summary": "Error generating description ([Errno 2] No such file or directory: '/Users/annikaks/omega-production/src/algorithm_generator/metaomni/api_calls/KNNClassifier.py')"
    },
    {
      "id": "91a9766e-21fb-4e41-8b6f-356140ff10f6",
      "name": "SimpleRandomForestClassifier",
      "filename": "simple_random_forest_classifier.py",
      "description": "can you make a simple random forest classifier\n",
      "metrics": {
        "Iris": 0.9,
        "Wine": 1.0,
        "Breast Cancer": 0.956140350877193,
        "Digits": 0.9666666666666667,
        "Balance Scale": 0.85,
        "Blood Transfusion": 0.7533333333333333,
        "Haberman": 0.6451612903225806,
        "Seeds": 0.9047619047619048,
        "Teaching Assistant": 0.6129032258064516,
        "Zoo": 0.9047619047619048,
        "Planning Relax": 0.7567567567567568,
        "Ionosphere": 0.9577464788732394,
        "Sonar": 0.8571428571428571,
        "Glass": 0.8604651162790697,
        "Vehicle": 0.7470588235294118,
        "Liver Disorders": 0.9178082191780822,
        "Heart Statlog": 0.8333333333333334,
        "Pima Indians Diabetes": 0.7402597402597403,
        "Australian": 0.950381679389313,
        "Monks-1": 1.0
      },
      "timestamp": 1766999123.201417,
      "total_score": 0.9,
      "summary": "An ensemble learning method that constructs multiple decision trees during training, where each tree is trained on a bootstrap sample of the data and considers only a random subset of features at each split (feature bagging). Predictions are made by aggregating votes from all trees through majority voting for classification, which reduces overfitting and variance compared to individual decision trees by leveraging the wisdom of crowds principle where uncorrelated weak learners combine to form a strong learner."
    }
  ]
}