{
  "Iris": {
    "min": 0.9,
    "max": 0.9333333333333333
  },
  "Wine": {
    "min": 0.9722222222222222,
    "max": 1.0
  },
  "Breast Cancer": {
    "min": 0.956140350877193,
    "max": 0.956140350877193
  },
  "Digits": {
    "min": 0.9638888888888889,
    "max": 0.9666666666666667
  },
  "Balance Scale": {
    "min": 0.55,
    "max": 0.85
  },
  "Blood Transfusion": {
    "min": 0.7533333333333333,
    "max": 0.7866666666666666
  },
  "Haberman": {
    "min": 0.6451612903225806,
    "max": 0.6451612903225806
  },
  "Seeds": {
    "min": 0.9047619047619048,
    "max": 0.9047619047619048
  },
  "Teaching Assistant": {
    "min": 0.4838709677419355,
    "max": 0.6129032258064516
  },
  "Zoo": {
    "min": 0.9047619047619048,
    "max": 0.9047619047619048
  },
  "Planning Relax": {
    "min": 0.4864864864864865,
    "max": 0.7567567567567568
  },
  "Ionosphere": {
    "min": 0.8873239436619719,
    "max": 0.9577464788732394
  },
  "Sonar": {
    "min": 0.7380952380952381,
    "max": 0.8571428571428571
  },
  "Glass": {
    "min": 0.6744186046511628,
    "max": 0.8604651162790697
  },
  "Vehicle": {
    "min": 0.7352941176470589,
    "max": 0.7470588235294118
  },
  "Liver Disorders": {
    "min": 0.6800391389432485,
    "max": 0.9178082191780822
  },
  "Heart Statlog": {
    "min": 0.7962962962962963,
    "max": 0.8333333333333334
  },
  "Pima Indians Diabetes": {
    "min": 0.7012987012987013,
    "max": 0.7402597402597403
  },
  "Australian": {
    "min": 0.8625954198473282,
    "max": 0.950381679389313
  },
  "Monks-1": {
    "min": 0.8035714285714286,
    "max": 1.0
  }
}